ari,nmi,fmi,purity,vm,homogeneity,completeness,time
0.5400770360468846,0.5678234502986131,0.7537670311871433,0.6688741721854304,0.7065767891539879,0.5738085052134066,0.9192807178285337,0.1453266143798828
0.5400770360468846,0.5678234502986131,0.7537670311871433,0.6688741721854304,0.7065767891539879,0.5738085052134066,0.9192807178285337,0.14114856719970703
1.0,1.0,1.0,1.0,1.0,1.0,1.0,0.14317035675048828
1.0,1.0,1.0,1.0,1.0,1.0,1.0,0.14440298080444336
0.5400770360468846,0.5678234502986131,0.7537670311871433,0.6688741721854304,0.7065767891539879,0.5738085052134066,0.9192807178285337,0.15409326553344727
